Taxon;I;II;II.III;III;IV;V;VI;VII;VIII;IX;Ordre
Acomys_nesiotes;0;0;0;0;1;0;0;0;0;0;RODENTIA
Allactaga_euphratica;0;0;0.333333333;0.333333333;0.333333333;0;0;0;0;0;RODENTIA
Allactaga_sp.;0;0;0.2;0.2;0.2;0;0.2;0.2;0;0;RODENTIA
Allactaga_tetradactyla;0;0;0;0;1;0;0;0;0;0;RODENTIA
Allactaga_toussi;0;0;0;0;0.5;0;0;0.5;0;0;RODENTIA
Allactaga_williamsi;0;0;0;0;0.333;0;0.333;0.333;0;0;RODENTIA
Allocricetus_bursae;0;0;0;0;0.333333333;0;0.333333333;0.333333333;0;0;RODENTIA
Alticola_sp.;0;0;0;0;0.25;0;0;0.25;0.25;0.25;RODENTIA
Apodemus_alpicola;0;0;0;0;0;0;0.333333333;0;0.333333333;0.333333333;RODENTIA
Apodemus_epimelas;0;0;0;0;0.333333333;0;0.333333333;0;0.333333333;0;RODENTIA
Apodemus_hyrcanicus;0;0;0;0;0.25;0;0.25;0.25;0.25;0;RODENTIA
Apodemus_sp.;0.111111111;0.111111111;0.111111111;0;0.111111111;0.111111111;0.111111111;0.111111111;0.111111111;0.111111111;RODENTIA
Apodemus_sylvaticus.flavicollis;0;0;0;0;0.25;0;0.25;0.25;0.25;0;RODENTIA
Apodemus_uralensis;0;0;0;0;0;0;0.25;0.25;0.25;0.25;RODENTIA
Arvicola_cantiana;0;0;0;0;0.25;0;0.25;0.25;0.25;0;RODENTIA
Arvicola_cantiana.mosbachensis;0;0;0;0;0.25;0;0.25;0.25;0.25;0;RODENTIA
Arvicola_cantiana.sapidus;0;0;0;0;0.25;0;0.25;0.25;0.25;0;RODENTIA
Arvicola_cantiana.terrestris;0;0;0;0;0.25;0;0.25;0.25;0.25;0;RODENTIA
Arvicola_scherman;0;0;0;0;0;0;0.333333333;0;0.333333333;0.333333333;RODENTIA
Arvicola_sp.;0;0;0;0;0.2;0;0.2;0.2;0.2;0.2;RODENTIA
Atlantoxerus_getulus;0;0;0;0;1;0;0;0;0;0;RODENTIA
Blanfordimys_afghanus;0;0;0;0;0;0;0;1;0;0;RODENTIA
Calomyscus_elburzensis;0;0;0;0;0.5;0;0;0.5;0;0;RODENTIA
Calomyscus_mystax;0;0;0;0;0.333333333;0;0;0.333333333;0.333333333;0;RODENTIA
Castor_canadensis;0;0.166666667;0.166666667;0;0.166666667;0;0.166666667;0.166666667;0.166666667;0;RODENTIA
Chionomys_gud;0;0;0;0;0;0.25;0.25;0;0.25;0.25;RODENTIA
Cricetulus.allocricetus_bursae;0;0;0;0;0.333333333;0;0.333333333;0.333333333;0;0;RODENTIA
Cricetulus_sp.;0;0;0;0;0.333;0;0.333;0.333;0;0;RODENTIA
Cricetus_major;0;0;0;0;0;0;0.5;0.5;0;0;RODENTIA
Ctenodactylus_gundi;0;0;0;0;1;0;0;0;0;0;RODENTIA
Ctenodactylus_vali;0;0;0;1;0;0;0;0;0;0;RODENTIA
Dicrostonyx_antiquitatis;0;0;0;0;0;0;0;0;0.5;0.5;RODENTIA
Dryomys_laniger;0;0;0;0;0;0;0;1;0;0;RODENTIA
Eliomys_munbyanus;0;0;0;0.25;0.25;0;0;0.25;0.25;0;RODENTIA
Eliomys_sp.;0;0;0.166666667;0.166666667;0.166666667;0;0.166666667;0.166666667;0.166666667;0;RODENTIA
Ellobius_lutescens;0;0;0;0;0.333333333;0;0.333333333;0.333333333;0;0;RODENTIA
Ellobius_sp.;0;0;0;0;0.333333333;0;0.333333333;0.333333333;0;0;RODENTIA
Eolagurus_luteus;0;0;0;0;0;0;0;1;0;0;RODENTIA
Gerbillus_amoenus;0;0;0;0.5;0.5;0;0;0;0;0;RODENTIA
Gerbillus_aquilus;0;0;0;0.5;0.5;0;0;0;0;0;RODENTIA
Gerbillus_cheesmani;0;0;0;0.5;0.5;0;0;0;0;0;RODENTIA
Gerbillus_floweri;0;0;0;1;0;0;0;0;0;0;RODENTIA
Gerbillus_hoogstraali;0;0;0;1;0;0;0;0;0;0;RODENTIA
Gerbillus_latastei;0;0;0;0.5;0.5;0;0;0;0;0;RODENTIA
Gerbillus_maghrebi;0;0;0;0;1;0;0;0;0;0;RODENTIA
Gerbillus_mesopotamiae;0;0;0;0.5;0.5;0;0;0;0;0;RODENTIA
Gerbillus_occiduus;0;0;0;0.5;0.5;0;0;0;0;0;RODENTIA
Gerbillus_sp.;0;0.25;0.25;0.25;0.25;0;0;0;0;0;RODENTIA
Gerbillus_tarabuli;0;0;0;1;0;0;0;0;0;0;RODENTIA
Glirulus_sp.;0;0;0;0;0;0.5;0.5;0;0;0;RODENTIA
glis_sp.;0;0;0;0;0.333;0;0.333;0.333;0;0;RODENTIA
Hystrix_sp.;0.125;0.125;0.125;0.125;0.125;0.125;0;0.125;0;0;RODENTIA
Jaculus_thaleri;0;0;0;0;1;0;0;0;0;0;RODENTIA
Lemmus_lemmus;0;0;0;0;0;0;0;0;0.5;0.5;RODENTIA
Marmota_bobak;0;0;0;0;0;0;0;1;0;0;RODENTIA
Marmota_primigenia;0;0;0;0;0;0;0.25;0.25;0.25;0.25;RODENTIA
Marmota_sp.;0;0;0;0;0;0;0.25;0.25;0.25;0.25;RODENTIA
Mastomys_erythroleucus;0.333333333;0.333333333;0.333333333;0;0;0;0;0;0;0;RODENTIA
Meriones_grandis;0;0;0;0;1;0;0;0;0;0;RODENTIA
Meriones_libycus;0;0;0;0.333333333;0.333333333;0;0;0.333333333;0;0;RODENTIA
Meriones_sp.;0;0;0.166666667;0.166666667;0.166666667;0;0.166666667;0.166666667;0.166666667;0;RODENTIA
Meriones_tristrami;0;0;0;0;0.333;0;0.333;0.333;0;0;RODENTIA
Meriones_vinogradovi;0;0;0;0;0.5;0;0;0.5;0;0;RODENTIA
Meriones_zarudnyi;0;0;0;0;0;0;0;1;0;0;RODENTIA
Mesocricetus_brandti;0;0;0;0;0.333333333;0;0.333333333;0.333333333;0;0;RODENTIA
Mesocricetus_newtoni;0;0;0;0;0;0;0.5;0.5;0;0;RODENTIA
Mesocricetus_raddei;0;0;0;0;0;0;0.333333333;0.333333333;0.333333333;0;RODENTIA
Microtus_arvalis.agrestis;0;0;0;0;0;0;0.5;0;0.5;0;RODENTIA
Microtus_brachycercus;0;0;0;0;1;0;0;0;0;0;RODENTIA
Microtus_daghestanicus;0;0;0;0;0;0;0;0;0;1;RODENTIA
Microtus_duodecimcostatus.lusitanicus;0;0;0;0;0.25;0;0.25;0.25;0.25;0;RODENTIA
Microtus_felteni;0;0;0;0;0.333333333;0;0.333333333;0;0.333333333;0;RODENTIA
Microtus_gerbei;0;0;0;0;0;0;0.5;0;0.5;0;RODENTIA
Microtus_gregalis.agrestis;0;0;0;0;0;0;0.25;0.25;0.25;0.25;RODENTIA
Microtus_guentheri;0;0;0;0;0.333333333;0;0.333333333;0.333333333;0;0;RODENTIA
Microtus_levis;0;0;0;0;0.333;0;0.333;0.333;0;0;RODENTIA
Microtus_liechtensteini;0;0;0;0;0;0;0.5;0;0.5;0;RODENTIA
Microtus_multiplex;0;0;0;0;0;0;0.333;0;0.333;0.333;RODENTIA
Microtus_multiplex.subterraneus;0;0;0;0;0;0;0.333;0;0.333;0.333;RODENTIA
Microtus_nasarovi;0;0;0;0;0;0;0;1;0;0;RODENTIA
Microtus_obscurus;0;0;0;0;0;0;0.5;0;0.5;0;RODENTIA
Microtus_oeconomus.gregalis;0;0;0;0;0;0;0.25;0.25;0.25;0.25;RODENTIA
Microtus_paradoxus;0;0;0;0;0;0;0;1;0;0;RODENTIA
Microtus_pyrenaicus;0;0;0;0;0;0;0.5;0;0.5;0;RODENTIA
Microtus_qazvinensis;0;0;0;0;0;0;0;0;1;0;RODENTIA
Microtus_schelkovnikovi;0;0;0;0;0.5;0;0.5;0;0;0;RODENTIA
Microtus_sp.;0;0;0;0;0.166666;0.166666;0.166666;0.166666;0.166666;0.166666;RODENTIA
Microtus_subterraneus.liechtensteini;0;0;0;0;0;0;0.333;0;0.333;0.333;RODENTIA
Microtus_tatricus;0;0;0;0;0;0;0.333333333;0;0.333333333;0.333333333;RODENTIA
Microtus_Terricola_sp.;0;0;0;0;0.166666667;0.166666667;0.166666667;0.166666667;0.166666667;0.166666667;RODENTIA
Microtus_transcaspicus;0;0;0;0;0;0;0;1;0;0;RODENTIA
Mus_cypriacus;0;0;0;0;1;0;0;0;0;0;RODENTIA
Mus_sp.;0.111;0.111;0.111;0.111;0.111;0.111;0.111;0.111;0.111;0;RODENTIA
Mus_spicilegus;0;0;0;0;0;0;0.5;0.5;0;0;RODENTIA
Muscardinus_sp.;0;0;0;0;0.333333333;0;0.333333333;0.333333333;0;0;RODENTIA
Myodes_glareolus.rutilus;0;0;0;0;0;0;0.333;0;0.333;0.333;RODENTIA
Myodes_sp.;0;0;0;0;0.166666667;0.166666667;0.166666667;0.166666667;0.166666667;0.166666667;RODENTIA
Myomimus_personatus;0;0;0;0;0;0;0;1;0;0;RODENTIA
Myomimus_setzeri;0;0;0;0;0;0;0.333333333;0.333333333;0.333333333;0;RODENTIA
Nannospalax_leucodon;0;0;0;0;0.25;0;0.25;0.25;0.25;0;RODENTIA
Nannospalax_xanthodon;0;0;0;0;0.25;0;0.25;0.25;0.25;0;RODENTIA
Nannosphalax_sp.;0;0;0;0;0.25;0;0.25;0.25;0.25;0;RODENTIA
Paradipus_ctenodactylus;0;0;0;0;0;0;0;1;0;0;RODENTIA
Phodopus_sungorus;0;0;0;0;0;0;0.333333333;0.333333333;0.333333333;0;RODENTIA
Prometheomys_schaposchnikowi;0;0;0;0;0;0;0.333333333;0;0.333333333;0.333333333;RODENTIA
Psammomys_vexillaris;0;0;0;0;1;0;0;0;0;0;RODENTIA
Pygeretmus_sp.;0;0;0;0;0;0;0;1;0;0;RODENTIA
Rattus_sp.;0.111;0.111;0.111;0.111;0.111;0.111;0.111;0.111;0.111;0;RODENTIA
Sciurus_sp.;0;0;0;0;0.25;0.25;0.25;0;0.25;0;RODENTIA
Sekeetamys_calurus;0;0;0;0.5;0.5;0;0;0;0;0;RODENTIA
Sicista_caucasica;0;0;0;0;0;0;0.5;0;0.5;0;RODENTIA
Sicista_kluchorica;0;0;0;0;0;0;0.5;0;0.5;0;RODENTIA
Sicista_severtzovi;0;0;0;0;0;0;0.5;0.5;0;0;RODENTIA
Sicista_sp.;0;0;0;0;0;0;0.33333;0.33333;0.33333;0;RODENTIA
Sicista_strandi;0;0;0;0;0;0;0.5;0.5;0;0;RODENTIA
Sicista_trizona;0;0;0;0;0;0;1;0;0;0;RODENTIA
Spalax_antiquus;0;0;0;0;0;0;1;0;0;0;RODENTIA
Spalax_microphthalmus;0;0;0;0;0;0;0.5;0.5;0;0;RODENTIA
Spalax_sp.;0;0;0;0;0;0;0.5;0.5;0;0;RODENTIA
Spalax_uralensis;0;0;0;0;0;0;0;1;0;0;RODENTIA
Spalax_zemni;0;0;0;0;0;0;0.5;0.5;0;0;RODENTIA
Spermophilus_severskensis;0;0;0;0;0;0;0.5;0.5;0;0;RODENTIA
Spermophilus_sp.;0;0.11111;0.11111;0.11111;0.11111;0.11111;0.11111;0.11111;0.11111;0.11111;RODENTIA
Spermophilus_superciliosus;0;0;0;0;0;0;0;1;0;0;RODENTIA
Spermophilus_suslicus;0;0;0;0;0;0;0.5;0.5;0;0;RODENTIA
Spermophilus_xanthoprymnus;0;0;0;0;0;0;0.333333333;0.333333333;0.333333333;0;RODENTIA
Tamias_sibiricus;0;0;0;0;0;0;0.5;0;0.5;0;RODENTIA
